# What each page costs the database, as each perf actor: the budget `pnpm db:perf regress`
# holds every push to (docs/32-perf-tenant.md). Regenerate only with `pnpm db:perf regress --update`.
# scale=1 as_of=2026-10-01 fingerprint=c1f69f248a5eea7b1206310a0dd51293 postgres=17
path	actor	status	queries	pages
/accounting/accruals	auditor	200	7	1968
/accounting/accruals	employee	403	3	1
/accounting/accruals	finance	200	7	1968
/accounting/accruals	hr	403	3	1
/accounting/accruals	it	403	3	1
/accounting/accruals	manager	403	3	1
/accounting/accruals	owner	200	7	1970
/accounting/accruals	sales	403	3	1
/accounting/ap-due-soon	auditor	200	7	2098
/accounting/ap-due-soon	employee	403	3	1
/accounting/ap-due-soon	finance	200	7	2098
/accounting/ap-due-soon	hr	403	3	1
/accounting/ap-due-soon	it	403	3	1
/accounting/ap-due-soon	manager	403	3	1
/accounting/ap-due-soon	owner	200	7	2098
/accounting/ap-due-soon	sales	403	3	1
/accounting/ar-aging	auditor	200	7	4640
/accounting/ar-aging	employee	403	3	1
/accounting/ar-aging	finance	200	7	4640
/accounting/ar-aging	hr	403	3	1
/accounting/ar-aging	it	403	3	1
/accounting/ar-aging	manager	403	3	1
/accounting/ar-aging	owner	200	7	4640
/accounting/ar-aging	sales	403	3	1
/accounting/balance-sheet	auditor	200	7	15289
/accounting/balance-sheet	employee	403	3	1
/accounting/balance-sheet	finance	200	7	15293
/accounting/balance-sheet	hr	403	3	1
/accounting/balance-sheet	it	403	3	1
/accounting/balance-sheet	manager	403	3	1
/accounting/balance-sheet	owner	200	7	15296
/accounting/balance-sheet	sales	403	3	1
/accounting/balance-sheet?as_of=2026-10-01&compare_as_of=2026-01-01	auditor	200	9	30553
/accounting/balance-sheet?as_of=2026-10-01&compare_as_of=2026-01-01	employee	403	3	1
/accounting/balance-sheet?as_of=2026-10-01&compare_as_of=2026-01-01	finance	200	9	30553
/accounting/balance-sheet?as_of=2026-10-01&compare_as_of=2026-01-01	hr	403	3	1
/accounting/balance-sheet?as_of=2026-10-01&compare_as_of=2026-01-01	it	403	3	1
/accounting/balance-sheet?as_of=2026-10-01&compare_as_of=2026-01-01	manager	403	3	1
/accounting/balance-sheet?as_of=2026-10-01&compare_as_of=2026-01-01	owner	200	9	30553
/accounting/balance-sheet?as_of=2026-10-01&compare_as_of=2026-01-01	sales	403	3	1
/accounting/banking	auditor	200	23	11542
/accounting/banking	employee	403	3	1
/accounting/banking	finance	200	23	11545
/accounting/banking	hr	403	3	1
/accounting/banking	it	403	3	1
/accounting/banking	manager	403	3	1
/accounting/banking	owner	200	23	11548
/accounting/banking	sales	403	3	1
/accounting/banking/import	auditor	403	3	1
/accounting/banking/import	employee	403	3	1
/accounting/banking/import	finance	200	8	35
/accounting/banking/import	hr	403	3	1
/accounting/banking/import	it	403	3	1
/accounting/banking/import	manager	403	3	1
/accounting/banking/import	owner	200	8	35
/accounting/banking/import	sales	403	3	1
/accounting/banking/rules	auditor	200	20	2007
/accounting/banking/rules	employee	403	3	1
/accounting/banking/rules	finance	200	20	2007
/accounting/banking/rules	hr	403	3	1
/accounting/banking/rules	it	403	3	1
/accounting/banking/rules	manager	403	3	1
/accounting/banking/rules	owner	200	20	2007
/accounting/banking/rules	sales	403	3	1
/accounting/bills	auditor	200	10	219
/accounting/bills	employee	403	3	1
/accounting/bills	finance	200	10	219
/accounting/bills	hr	403	3	1
/accounting/bills	it	403	3	1
/accounting/bills	manager	403	3	1
/accounting/bills	owner	200	10	219
/accounting/bills	sales	403	3	1
/accounting/bills/[id]	auditor	200	12	110
/accounting/bills/[id]	employee	403	3	1
/accounting/bills/[id]	finance	200	12	110
/accounting/bills/[id]	hr	403	3	1
/accounting/bills/[id]	it	403	3	1
/accounting/bills/[id]	manager	403	3	1
/accounting/bills/[id]	owner	200	12	110
/accounting/bills/[id]	sales	403	3	1
/accounting/bills/new	auditor	200	6	2
/accounting/bills/new	employee	403	3	1
/accounting/bills/new	finance	200	6	2
/accounting/bills/new	hr	403	3	1
/accounting/bills/new	it	403	3	1
/accounting/bills/new	manager	403	3	1
/accounting/bills/new	owner	200	6	8
/accounting/bills/new	sales	403	3	1
/accounting/cash-flow	auditor	200	7	22933
/accounting/cash-flow	employee	403	3	1
/accounting/cash-flow	finance	200	7	22939
/accounting/cash-flow	hr	403	3	1
/accounting/cash-flow	it	403	3	1
/accounting/cash-flow	manager	403	3	1
/accounting/cash-flow	owner	200	7	22935
/accounting/cash-flow	sales	403	3	1
/accounting/customer-balances	auditor	200	7	4640
/accounting/customer-balances	employee	403	3	1
/accounting/customer-balances	finance	200	7	4640
/accounting/customer-balances	hr	403	3	1
/accounting/customer-balances	it	403	3	1
/accounting/customer-balances	manager	403	3	1
/accounting/customer-balances	owner	200	7	4640
/accounting/customer-balances	sales	403	3	1
/accounting/equity	auditor	200	7	22933
/accounting/equity	employee	403	3	1
/accounting/equity	finance	200	7	22933
/accounting/equity	hr	403	3	1
/accounting/equity	it	403	3	1
/accounting/equity	manager	403	3	1
/accounting/equity	owner	200	7	22933
/accounting/equity	sales	403	3	1
/accounting/exchange-rates	auditor	200	6	2
/accounting/exchange-rates	employee	403	3	1
/accounting/exchange-rates	finance	200	6	2
/accounting/exchange-rates	hr	403	3	1
/accounting/exchange-rates	it	403	3	1
/accounting/exchange-rates	manager	403	3	1
/accounting/exchange-rates	owner	200	6	2
/accounting/exchange-rates	sales	403	3	1
/accounting/fx-revaluation	auditor	200	8	5448
/accounting/fx-revaluation	employee	403	3	1
/accounting/fx-revaluation	finance	200	8	5448
/accounting/fx-revaluation	hr	403	3	1
/accounting/fx-revaluation	it	403	3	1
/accounting/fx-revaluation	manager	403	3	1
/accounting/fx-revaluation	owner	200	8	5448
/accounting/fx-revaluation	sales	403	3	1
/accounting/invoices	auditor	200	9	167
/accounting/invoices	employee	403	3	1
/accounting/invoices	finance	200	9	167
/accounting/invoices	hr	403	3	1
/accounting/invoices	it	403	3	1
/accounting/invoices	manager	403	3	1
/accounting/invoices	owner	200	9	167
/accounting/invoices	sales	403	3	1
/accounting/invoices/[id]	auditor	200	14	49
/accounting/invoices/[id]	employee	403	3	1
/accounting/invoices/[id]	finance	200	14	51
/accounting/invoices/[id]	hr	403	3	1
/accounting/invoices/[id]	it	403	3	1
/accounting/invoices/[id]	manager	403	3	1
/accounting/invoices/[id]	owner	200	14	51
/accounting/invoices/[id]	sales	403	3	1
/accounting/invoices/new	auditor	200	6	8
/accounting/invoices/new	employee	403	3	1
/accounting/invoices/new	finance	200	6	2
/accounting/invoices/new	hr	403	3	1
/accounting/invoices/new	it	403	3	1
/accounting/invoices/new	manager	403	3	1
/accounting/invoices/new	owner	200	6	2
/accounting/invoices/new	sales	403	3	1
/accounting/journal-entries/new	auditor	200	3	1
/accounting/journal-entries/new	employee	403	3	1
/accounting/journal-entries/new	finance	200	3	1
/accounting/journal-entries/new	hr	403	3	1
/accounting/journal-entries/new	it	403	3	1
/accounting/journal-entries/new	manager	403	3	1
/accounting/journal-entries/new	owner	200	3	1
/accounting/journal-entries/new	sales	403	3	1
/accounting/ledger	auditor	200	8	389
/accounting/ledger	employee	403	3	1
/accounting/ledger	finance	200	8	389
/accounting/ledger	hr	403	3	1
/accounting/ledger	it	403	3	1
/accounting/ledger	manager	403	3	1
/accounting/ledger	owner	200	8	416
/accounting/ledger	sales	403	3	1
/accounting/payment-gateway	auditor	200	7	3
/accounting/payment-gateway	employee	403	3	1
/accounting/payment-gateway	finance	200	7	3
/accounting/payment-gateway	hr	403	3	1
/accounting/payment-gateway	it	403	3	1
/accounting/payment-gateway	manager	403	3	1
/accounting/payment-gateway	owner	200	7	3
/accounting/payment-gateway	sales	403	3	1
/accounting/periods	auditor	200	6	68
/accounting/periods	employee	403	3	1
/accounting/periods	finance	200	6	70
/accounting/periods	hr	403	3	1
/accounting/periods	it	403	3	1
/accounting/periods	manager	403	3	1
/accounting/periods	owner	200	6	74
/accounting/periods	sales	403	3	1
/accounting/profit-loss	auditor	200	7	15294
/accounting/profit-loss	employee	403	3	1
/accounting/profit-loss	finance	200	7	15294
/accounting/profit-loss	hr	403	3	1
/accounting/profit-loss	it	403	3	1
/accounting/profit-loss	manager	403	3	1
/accounting/profit-loss	owner	200	7	15298
/accounting/profit-loss	sales	403	3	1
/accounting/receive-payment	auditor	200	7	5
/accounting/receive-payment	employee	403	3	1
/accounting/receive-payment	finance	200	7	5
/accounting/receive-payment	hr	403	3	1
/accounting/receive-payment	it	403	3	1
/accounting/receive-payment	manager	403	3	1
/accounting/receive-payment	owner	200	7	10
/accounting/receive-payment	sales	403	3	1
/accounting/receive-payment?customer_id=[id]	auditor	200	9	497
/accounting/receive-payment?customer_id=[id]	employee	403	3	1
/accounting/receive-payment?customer_id=[id]	finance	200	9	497
/accounting/receive-payment?customer_id=[id]	hr	403	3	1
/accounting/receive-payment?customer_id=[id]	it	403	3	1
/accounting/receive-payment?customer_id=[id]	manager	403	3	1
/accounting/receive-payment?customer_id=[id]	owner	200	9	497
/accounting/receive-payment?customer_id=[id]	sales	403	3	1
/accounting/recurring-invoices	auditor	200	7	1204
/accounting/recurring-invoices	employee	403	3	1
/accounting/recurring-invoices	finance	200	7	1204
/accounting/recurring-invoices	hr	403	3	1
/accounting/recurring-invoices	it	403	3	1
/accounting/recurring-invoices	manager	403	3	1
/accounting/recurring-invoices	owner	200	7	1210
/accounting/recurring-invoices	sales	403	3	1
/accounting/tax-rates	auditor	200	6	2
/accounting/tax-rates	employee	403	3	1
/accounting/tax-rates	finance	200	6	2
/accounting/tax-rates	hr	403	3	1
/accounting/tax-rates	it	403	3	1
/accounting/tax-rates	manager	403	3	1
/accounting/tax-rates	owner	200	6	2
/accounting/tax-rates	sales	403	3	1
/accounting/tax-summary	auditor	200	6	122
/accounting/tax-summary	employee	403	3	1
/accounting/tax-summary	finance	200	6	122
/accounting/tax-summary	hr	403	3	1
/accounting/tax-summary	it	403	3	1
/accounting/tax-summary	manager	403	3	1
/accounting/tax-summary	owner	200	6	122
/accounting/tax-summary	sales	403	3	1
/accounting/tax-summary?from=2026-01-01&to=2026-12-31	auditor	200	6	60
/accounting/tax-summary?from=2026-01-01&to=2026-12-31	employee	403	3	1
/accounting/tax-summary?from=2026-01-01&to=2026-12-31	finance	200	6	60
/accounting/tax-summary?from=2026-01-01&to=2026-12-31	hr	403	3	1
/accounting/tax-summary?from=2026-01-01&to=2026-12-31	it	403	3	1
/accounting/tax-summary?from=2026-01-01&to=2026-12-31	manager	403	3	1
/accounting/tax-summary?from=2026-01-01&to=2026-12-31	owner	200	6	60
/accounting/tax-summary?from=2026-01-01&to=2026-12-31	sales	403	3	1
/accounting/trial-balance	auditor	200	8	20773
/accounting/trial-balance	employee	403	3	1
/accounting/trial-balance	finance	200	8	20773
/accounting/trial-balance	hr	403	3	1
/accounting/trial-balance	it	403	3	1
/accounting/trial-balance	manager	403	3	1
/accounting/trial-balance	owner	200	8	20777
/accounting/trial-balance	sales	403	3	1
/accounting/trial-balance?as_of=2026-10-01&compare_as_of=2025-10-01	auditor	200	10	36029
/accounting/trial-balance?as_of=2026-10-01&compare_as_of=2025-10-01	employee	403	3	1
/accounting/trial-balance?as_of=2026-10-01&compare_as_of=2025-10-01	finance	200	10	36033
/accounting/trial-balance?as_of=2026-10-01&compare_as_of=2025-10-01	hr	403	3	1
/accounting/trial-balance?as_of=2026-10-01&compare_as_of=2025-10-01	it	403	3	1
/accounting/trial-balance?as_of=2026-10-01&compare_as_of=2025-10-01	manager	403	3	1
/accounting/trial-balance?as_of=2026-10-01&compare_as_of=2025-10-01	owner	200	10	36029
/accounting/trial-balance?as_of=2026-10-01&compare_as_of=2025-10-01	sales	403	3	1
/accounting/year-end-close	auditor	200	5	1
/accounting/year-end-close	employee	403	3	1
/accounting/year-end-close	finance	200	5	1
/accounting/year-end-close	hr	403	3	1
/accounting/year-end-close	it	403	3	1
/accounting/year-end-close	manager	403	3	1
/accounting/year-end-close	owner	200	5	1
/accounting/year-end-close	sales	403	3	1
/accounting/year-end-close?as_of=2026-12-31	auditor	200	7	15289
/accounting/year-end-close?as_of=2026-12-31	employee	403	3	1
/accounting/year-end-close?as_of=2026-12-31	finance	200	7	15289
/accounting/year-end-close?as_of=2026-12-31	hr	403	3	1
/accounting/year-end-close?as_of=2026-12-31	it	403	3	1
/accounting/year-end-close?as_of=2026-12-31	manager	403	3	1
/accounting/year-end-close?as_of=2026-12-31	owner	200	7	15289
/accounting/year-end-close?as_of=2026-12-31	sales	403	3	1
/attendance	auditor	200	7	2941
/attendance	employee	200	7	2941
/attendance	finance	200	7	2941
/attendance	hr	200	7	2941
/attendance	it	200	7	2941
/attendance	manager	200	7	2941
/attendance	owner	200	7	2947
/attendance	sales	200	7	2941
/chat	auditor	200	7	2079
/chat	employee	200	7	2044
/chat	finance	200	7	2082
/chat	hr	200	7	2046
/chat	it	200	7	2091
/chat	manager	200	7	2112
/chat	owner	200	7	186
/chat	sales	200	7	2140
/chat/[id]	auditor	200	14	3166
/chat/[id]	employee	404	10	2047
/chat/[id]	finance	404	11	2085
/chat/[id]	hr	404	10	2049
/chat/[id]	it	404	10	2094
/chat/[id]	manager	404	10	2115
/chat/[id]	owner	403	17	372
/chat/[id]	sales	404	10	2143
/compensation	auditor	200	7	1097
/compensation	employee	200	7	1095
/compensation	finance	200	7	1095
/compensation	hr	200	7	1099
/compensation	it	200	7	1095
/compensation	manager	200	7	1095
/compensation	owner	200	7	1103
/compensation	sales	200	7	1095
/compensation/[id]	auditor	200	11	14
/compensation/[id]	employee	200	11	14
/compensation/[id]	finance	200	11	14
/compensation/[id]	hr	200	11	14
/compensation/[id]	it	200	11	14
/compensation/[id]	manager	200	11	14
/compensation/[id]	owner	200	12	22
/compensation/[id]	sales	200	11	14
/crm/companies	auditor	200	6	513
/crm/companies	employee	403	3	1
/crm/companies	finance	403	3	1
/crm/companies	hr	403	3	1
/crm/companies	it	403	3	1
/crm/companies	manager	403	3	1
/crm/companies	owner	200	6	519
/crm/companies	sales	200	6	513
/crm/companies/[id]	auditor	200	16	1303
/crm/companies/[id]	employee	403	3	1
/crm/companies/[id]	finance	403	3	1
/crm/companies/[id]	hr	403	3	1
/crm/companies/[id]	it	403	3	1
/crm/companies/[id]	manager	403	3	1
/crm/companies/[id]	owner	200	16	1303
/crm/companies/[id]	sales	200	16	1303
/crm/contacts	auditor	200	7	6582
/crm/contacts	employee	403	3	1
/crm/contacts	finance	403	3	1
/crm/contacts	hr	403	3	1
/crm/contacts	it	403	3	1
/crm/contacts	manager	403	3	1
/crm/contacts	owner	200	7	6582
/crm/contacts	sales	200	7	6582
/crm/contacts/[id]	auditor	200	10	63
/crm/contacts/[id]	employee	403	3	1
/crm/contacts/[id]	finance	403	3	1
/crm/contacts/[id]	hr	403	3	1
/crm/contacts/[id]	it	403	3	1
/crm/contacts/[id]	manager	403	3	1
/crm/contacts/[id]	owner	200	10	71
/crm/contacts/[id]	sales	200	10	63
/crm/deals/[id]	auditor	200	12	101
/crm/deals/[id]	employee	403	3	1
/crm/deals/[id]	finance	403	3	1
/crm/deals/[id]	hr	403	3	1
/crm/deals/[id]	it	403	3	1
/crm/deals/[id]	manager	403	3	1
/crm/deals/[id]	owner	200	12	101
/crm/deals/[id]	sales	200	12	101
/crm/pipeline	auditor	200	9	5267
/crm/pipeline	employee	403	3	1
/crm/pipeline	finance	403	3	1
/crm/pipeline	hr	403	3	1
/crm/pipeline	it	403	3	1
/crm/pipeline	manager	403	3	1
/crm/pipeline	owner	200	9	5267
/crm/pipeline	sales	200	9	5267
/documents	auditor	200	6	1770
/documents	employee	200	6	1770
/documents	finance	200	6	1934
/documents	hr	200	6	1770
/documents	it	200	6	1911
/documents	manager	200	6	1770
/documents	owner	200	6	345
/documents	sales	200	6	1770
/documents/[id]	auditor	200	11	391
/documents/[id]	employee	200	11	391
/documents/[id]	finance	200	11	413
/documents/[id]	hr	200	11	413
/documents/[id]	it	200	11	391
/documents/[id]	manager	200	11	391
/documents/[id]	owner	200	12	106
/documents/[id]	sales	200	11	391
/documents/archived	auditor	200	7	6359
/documents/archived	employee	200	7	6359
/documents/archived	finance	200	7	6359
/documents/archived	hr	200	7	6359
/documents/archived	it	200	7	6359
/documents/archived	manager	200	7	6359
/documents/archived	owner	200	7	6359
/documents/archived	sales	200	7	6359
/employees	auditor	200	8	2086
/employees	employee	200	8	2086
/employees	finance	200	8	2086
/employees	hr	200	8	2086
/employees	it	200	8	2086
/employees	manager	200	8	2086
/employees	owner	200	8	2096
/employees	sales	200	8	2086
/employees/[id]	auditor	200	12	28
/employees/[id]	employee	200	12	26
/employees/[id]	finance	200	12	26
/employees/[id]	hr	200	12	34
/employees/[id]	it	200	12	26
/employees/[id]	manager	200	12	26
/employees/[id]	owner	200	12	38
/employees/[id]	sales	200	12	26
/employees/[id]/edit	auditor	200	9	1744
/employees/[id]/edit	employee	200	9	1744
/employees/[id]/edit	finance	200	9	1746
/employees/[id]/edit	hr	200	9	1744
/employees/[id]/edit	it	200	9	1744
/employees/[id]/edit	manager	200	9	1744
/employees/[id]/edit	owner	200	9	1746
/employees/[id]/edit	sales	200	9	1744
/employees/new	auditor	200	8	1732
/employees/new	employee	200	8	1732
/employees/new	finance	200	8	1732
/employees/new	hr	200	8	1732
/employees/new	it	200	8	1732
/employees/new	manager	200	8	1732
/employees/new	owner	200	8	1732
/employees/new	sales	200	8	1732
/objectives	auditor	200	7	392
/objectives	employee	200	7	391
/objectives	finance	200	7	389
/objectives	hr	200	7	390
/objectives	it	200	7	389
/objectives	manager	200	7	390
/objectives	owner	200	7	378
/objectives	sales	200	7	392
/objectives/[id]	auditor	200	8	29
/objectives/[id]	employee	200	8	29
/objectives/[id]	finance	200	8	29
/objectives/[id]	hr	200	8	29
/objectives/[id]	it	200	8	29
/objectives/[id]	manager	200	8	29
/objectives/[id]	owner	200	8	29
/objectives/[id]	sales	200	8	29
/onboarding	auditor	200	8	53
/onboarding	employee	200	7	71
/onboarding	finance	200	7	9
/onboarding	hr	200	8	55
/onboarding	it	200	8	53
/onboarding	manager	200	7	413
/onboarding	owner	200	8	55
/onboarding	sales	200	7	71
/payroll/employee-ids	auditor	403	3	1
/payroll/employee-ids	employee	403	3	1
/payroll/employee-ids	finance	403	3	1
/payroll/employee-ids	hr	403	3	1
/payroll/employee-ids	it	403	3	1
/payroll/employee-ids	manager	403	3	1
/payroll/employee-ids	owner	200	7	368
/payroll/employee-ids	sales	403	3	1
/payroll/export	auditor	403	3	1
/payroll/export	employee	403	3	1
/payroll/export	finance	403	3	1
/payroll/export	hr	403	3	1
/payroll/export	it	403	3	1
/payroll/export	manager	403	3	1
/payroll/export	owner	200	7	2
/payroll/export	sales	403	3	1
/payroll/export/settings	auditor	403	3	1
/payroll/export/settings	employee	403	3	1
/payroll/export/settings	finance	403	3	1
/payroll/export/settings	hr	403	3	1
/payroll/export/settings	it	403	3	1
/payroll/export/settings	manager	403	3	1
/payroll/export/settings	owner	200	8	4
/payroll/export/settings	sales	403	3	1
/payroll/export?from=2026-09-17&to=2026-09-30&frequency=bi-weekly	auditor	403	3	1
/payroll/export?from=2026-09-17&to=2026-09-30&frequency=bi-weekly	employee	403	3	1
/payroll/export?from=2026-09-17&to=2026-09-30&frequency=bi-weekly	finance	403	3	1
/payroll/export?from=2026-09-17&to=2026-09-30&frequency=bi-weekly	hr	403	3	1
/payroll/export?from=2026-09-17&to=2026-09-30&frequency=bi-weekly	it	403	3	1
/payroll/export?from=2026-09-17&to=2026-09-30&frequency=bi-weekly	manager	403	3	1
/payroll/export?from=2026-09-17&to=2026-09-30&frequency=bi-weekly	owner	200	12	22955
/payroll/export?from=2026-09-17&to=2026-09-30&frequency=bi-weekly	sales	403	3	1
/performance	auditor	200	12	1794
/performance	employee	200	12	485
/performance	finance	200	12	492
/performance	hr	200	12	1794
/performance	it	200	12	492
/performance	manager	200	12	1328
/performance	owner	200	12	2098
/performance	sales	200	12	478
/projects	auditor	200	10	1382
/projects	employee	200	10	1380
/projects	finance	200	10	1376
/projects	hr	200	10	1378
/projects	it	200	10	1376
/projects	manager	200	10	1378
/projects	owner	200	10	1354
/projects	sales	200	10	1382
/projects/[id]	auditor	200	17	4311
/projects/[id]	employee	200	17	4309
/projects/[id]	finance	200	17	4305
/projects/[id]	hr	200	17	4307
/projects/[id]	it	200	17	4305
/projects/[id]	manager	200	17	4307
/projects/[id]	owner	200	17	4283
/projects/[id]	sales	200	17	4311
/settings/benefits	auditor	200	8	9
/settings/benefits	employee	403	3	1
/settings/benefits	finance	200	8	9
/settings/benefits	hr	200	8	9
/settings/benefits	it	403	3	1
/settings/benefits	manager	403	3	1
/settings/benefits	owner	200	8	9
/settings/benefits	sales	403	3	1
/settings/company	auditor	200	6	2
/settings/company	employee	403	3	1
/settings/company	finance	200	6	2
/settings/company	hr	200	6	2
/settings/company	it	403	3	1
/settings/company	manager	403	3	1
/settings/company	owner	200	6	2
/settings/company	sales	403	3	1
/settings/crm	auditor	200	8	35
/settings/crm	employee	403	3	1
/settings/crm	finance	200	8	35
/settings/crm	hr	200	8	35
/settings/crm	it	403	3	1
/settings/crm	manager	403	3	1
/settings/crm	owner	200	8	35
/settings/crm	sales	403	3	1
/settings/departments	auditor	200	7	1729
/settings/departments	employee	403	3	1
/settings/departments	finance	200	7	1729
/settings/departments	hr	200	7	1729
/settings/departments	it	403	3	1
/settings/departments	manager	403	3	1
/settings/departments	owner	200	7	1729
/settings/departments	sales	403	3	1
/settings/groups	auditor	200	6	2
/settings/groups	employee	403	3	1
/settings/groups	finance	403	3	1
/settings/groups	hr	403	3	1
/settings/groups	it	200	6	2
/settings/groups	manager	403	3	1
/settings/groups	owner	200	6	2
/settings/groups	sales	403	3	1
/settings/groups/[id]	auditor	200	7	88
/settings/groups/[id]	employee	403	3	1
/settings/groups/[id]	finance	403	3	1
/settings/groups/[id]	hr	403	3	1
/settings/groups/[id]	it	200	7	88
/settings/groups/[id]	manager	403	3	1
/settings/groups/[id]	owner	200	7	88
/settings/groups/[id]	sales	403	3	1
/settings/holidays	auditor	200	8	18
/settings/holidays	employee	403	3	1
/settings/holidays	finance	200	8	18
/settings/holidays	hr	200	8	18
/settings/holidays	it	403	3	1
/settings/holidays	manager	403	3	1
/settings/holidays	owner	200	8	18
/settings/holidays	sales	403	3	1
/settings/job-titles	auditor	200	8	1338
/settings/job-titles	employee	403	3	1
/settings/job-titles	finance	200	8	1338
/settings/job-titles	hr	200	8	1338
/settings/job-titles	it	403	3	1
/settings/job-titles	manager	403	3	1
/settings/job-titles	owner	200	8	1338
/settings/job-titles	sales	403	3	1
/settings/locations	auditor	200	6	2
/settings/locations	employee	403	3	1
/settings/locations	finance	200	6	2
/settings/locations	hr	200	6	2
/settings/locations	it	403	3	1
/settings/locations	manager	403	3	1
/settings/locations	owner	200	6	2
/settings/locations	sales	403	3	1
/settings/payroll/policies	auditor	200	7	4
/settings/payroll/policies	employee	403	3	1
/settings/payroll/policies	finance	200	7	4
/settings/payroll/policies	hr	200	7	4
/settings/payroll/policies	it	403	3	1
/settings/payroll/policies	manager	403	3	1
/settings/payroll/policies	owner	200	7	4
/settings/payroll/policies	sales	403	3	1
/settings/payroll/schedules	auditor	200	8	11
/settings/payroll/schedules	employee	403	3	1
/settings/payroll/schedules	finance	200	8	11
/settings/payroll/schedules	hr	200	8	11
/settings/payroll/schedules	it	403	3	1
/settings/payroll/schedules	manager	403	3	1
/settings/payroll/schedules	owner	200	8	11
/settings/payroll/schedules	sales	403	3	1
/settings/project-management	auditor	200	7	19
/settings/project-management	employee	403	3	1
/settings/project-management	finance	200	7	19
/settings/project-management	hr	200	7	19
/settings/project-management	it	403	3	1
/settings/project-management	manager	403	3	1
/settings/project-management	owner	200	7	19
/settings/project-management	sales	403	3	1
/settings/ticketing	auditor	200	6	2
/settings/ticketing	employee	403	3	1
/settings/ticketing	finance	200	6	2
/settings/ticketing	hr	200	6	2
/settings/ticketing	it	403	3	1
/settings/ticketing	manager	403	3	1
/settings/ticketing	owner	200	6	2
/settings/ticketing	sales	403	3	1
/settings/ticketing/[id]	auditor	200	12	138
/settings/ticketing/[id]	employee	403	3	1
/settings/ticketing/[id]	finance	200	12	138
/settings/ticketing/[id]	hr	200	12	138
/settings/ticketing/[id]	it	403	3	1
/settings/ticketing/[id]	manager	403	3	1
/settings/ticketing/[id]	owner	200	12	138
/settings/ticketing/[id]	sales	403	3	1
/ticketing	auditor	200	8	9
/ticketing	employee	200	8	9
/ticketing	finance	200	8	9
/ticketing	hr	200	8	9
/ticketing	it	200	8	9
/ticketing	manager	200	8	9
/ticketing	owner	200	8	9
/ticketing	sales	200	8	9
/ticketing/[id]	auditor	200	17	167
/ticketing/[id]	employee	404	6	18
/ticketing/[id]	finance	404	7	17
/ticketing/[id]	hr	404	6	19
/ticketing/[id]	it	200	17	167
/ticketing/[id]	manager	404	6	19
/ticketing/[id]	owner	200	17	167
/ticketing/[id]	sales	404	6	19
/ticketing/new	auditor	200	8	9
/ticketing/new	employee	200	8	9
/ticketing/new	finance	200	8	9
/ticketing/new	hr	200	8	9
/ticketing/new	it	200	8	9
/ticketing/new	manager	200	8	9
/ticketing/new	owner	200	8	9
/ticketing/new	sales	200	8	9
/time-off	auditor	200	10	142
/time-off	employee	200	10	142
/time-off	finance	200	10	142
/time-off	hr	200	10	142
/time-off	it	200	10	142
/time-off	manager	200	10	142
/time-off	owner	200	10	142
/time-off	sales	200	10	142
/time-tracking	auditor	200	8	395
/time-tracking	employee	200	8	240
/time-tracking	finance	200	8	389
/time-tracking	hr	200	8	402
/time-tracking	it	200	8	7
/time-tracking	manager	200	8	7
/time-tracking	owner	200	8	378
/time-tracking	sales	200	8	7
/messaging	auditor	200	8	1
/messaging	employee	403	3	1
/messaging	finance	403	3	1
/messaging	hr	403	3	1
/messaging	it	403	3	1
/messaging	manager	403	3	1
/messaging	owner	200	8	1
/messaging	sales	200	8	1
/settings/messaging	auditor	200	8	2
/settings/messaging	employee	403	3	1
/settings/messaging	finance	403	3	1
/settings/messaging	hr	403	3	1
/settings/messaging	it	403	3	1
/settings/messaging	manager	403	3	1
/settings/messaging	owner	200	8	2
/settings/messaging	sales	200	8	2
